<?xml version="1.0" encoding="UTF-8"?>
<w:wordDocument   xmlns:dt="uuid:C2F41010-65B3-11d1-A29F-00AA00C14882"    xmlns:w="http://schemas.microsoft.com/office/word/2003/wordml"  xmlns:o="urn:schemas-microsoft-com:office:office" xml:space="preserve" w:embeddedObjPresent="no">
  <o:DocumentProperties>
    <o:Title/>
    <o:Subject/>
    <o:Keywords/>
    <o:Description/>
    <o:Category/>
    <o:Author>Nicholas Knight</o:Author>
    <o:LastAuthor>Nicholas Knight</o:LastAuthor>
    <o:Manager/>
    <o:Company/>
    <o:HyperlinkBase/>
    <o:Revision>1</o:Revision>
    <o:TotalTime>0</o:TotalTime>
    <o:LastPrinted/>
    <o:Created>2014-02-25T18:56:21.09Z</o:Created>
    <o:LastSaved>2014-02-25T18:56:46Z</o:LastSaved>
    <o:Pages>1</o:Pages>
    <o:Words>36</o:Words>
    <o:Characters>445</o:Characters>
    <o:Paragraphs>18</o:Paragraphs>
  </o:DocumentProperties>
  <o:CustomDocumentProperties>
    <o:Editor dt:dt="string">OpenOffice/4.0.1$Win32 OpenOffice.org_project/401m5$Build-9714</o:Editor>
    <o:Language dt:dt="string"/>
  </o:CustomDocumentProperties>
  <w:fonts>
    <w:defaultFonts w:ascii="" w:h-ansi="" w:fareast="" w:cs=""/>
    <w:font w:name="Mangal1">
      <w:family w:val="System"/>
      <w:pitch w:val=""/>
    </w:font>
    <w:font w:name="Times New Roman">
      <w:family w:val="Roman"/>
      <w:pitch w:val="variable"/>
    </w:font>
    <w:font w:name="Arial">
      <w:family w:val="Swiss"/>
      <w:pitch w:val="variable"/>
    </w:font>
    <w:font w:name="Mangal">
      <w:family w:val="System"/>
      <w:pitch w:val="variable"/>
    </w:font>
    <w:font w:name="Microsoft YaHei">
      <w:family w:val="System"/>
      <w:pitch w:val="variable"/>
    </w:font>
    <w:font w:name="SimSun">
      <w:family w:val="System"/>
      <w:pitch w:val="variable"/>
    </w:font>
  </w:fonts>
  <w:lists>
    <w:listDef w:listDefId="0">
      <w:lvl w:ilvl="0">
        <w:start w:val="1"/>
        <w:nfc w:val="255"/>
        <w:lvlText w:val="%1"/>
        <w:lvlJc w:val="left"/>
        <w:suff w:val="Nothing"/>
      </w:lvl>
      <w:lvl w:ilvl="1">
        <w:start w:val="1"/>
        <w:nfc w:val="255"/>
        <w:lvlText w:val="%2"/>
        <w:lvlJc w:val="left"/>
        <w:suff w:val="Nothing"/>
      </w:lvl>
      <w:lvl w:ilvl="2">
        <w:start w:val="1"/>
        <w:nfc w:val="255"/>
        <w:lvlText w:val="%3"/>
        <w:lvlJc w:val="left"/>
        <w:suff w:val="Nothing"/>
      </w:lvl>
      <w:lvl w:ilvl="3">
        <w:start w:val="1"/>
        <w:nfc w:val="255"/>
        <w:lvlText w:val="%4"/>
        <w:lvlJc w:val="left"/>
        <w:suff w:val="Nothing"/>
      </w:lvl>
      <w:lvl w:ilvl="4">
        <w:start w:val="1"/>
        <w:nfc w:val="255"/>
        <w:lvlText w:val="%5"/>
        <w:lvlJc w:val="left"/>
        <w:suff w:val="Nothing"/>
      </w:lvl>
      <w:lvl w:ilvl="5">
        <w:start w:val="1"/>
        <w:nfc w:val="255"/>
        <w:lvlText w:val="%6"/>
        <w:lvlJc w:val="left"/>
        <w:suff w:val="Nothing"/>
      </w:lvl>
      <w:lvl w:ilvl="6">
        <w:start w:val="1"/>
        <w:nfc w:val="255"/>
        <w:lvlText w:val="%7"/>
        <w:lvlJc w:val="left"/>
        <w:suff w:val="Nothing"/>
      </w:lvl>
      <w:lvl w:ilvl="7">
        <w:start w:val="1"/>
        <w:nfc w:val="255"/>
        <w:lvlText w:val="%8"/>
        <w:lvlJc w:val="left"/>
        <w:suff w:val="Nothing"/>
      </w:lvl>
      <w:lvl w:ilvl="8">
        <w:start w:val="1"/>
        <w:nfc w:val="255"/>
        <w:lvlText w:val="%9"/>
        <w:lvlJc w:val="left"/>
        <w:suff w:val="Nothing"/>
      </w:lvl>
    </w:listDef>
    <w:list w:ilfo="1">
      <w:ilst w:val="0"/>
    </w:list>
  </w:lists>
  <w:styles>
    <w:style w:styleId="default-paragraph-style" w:type="paragraph" w:default="on">
      <w:name w:val="default-paragraph-style"/>
      <w:pPr>
        <w:adjustRightInd w:val="off"/>
        <w:spacing/>
        <w:ind/>
        <w:widowControl w:val="off"/>
        <w:pBdr/>
        <w:ind/>
      </w:pPr>
      <w:rPr>
        <w:rFonts w:ascii="Times New Roman" w:h-ansi="Times New Roman" w:fareast="SimSun" w:cs="Mangal"/>
        <w:sz w:val="24"/>
        <w:lang w:val="en-US"/>
      </w:rPr>
    </w:style>
    <w:style w:styleId="default-table-style" w:type="table" w:default="on">
      <w:name w:val="default-table-style"/>
      <w:tblPr>
        <w:tblInd w:w="0" w:type="auto"/>
      </w:tblPr>
    </w:style>
    <w:style w:styleId="Standard" w:type="paragraph">
      <w:basedOn w:val="default-paragraph-style"/>
      <w:name w:val="Standard"/>
    </w:style>
    <w:style w:styleId="Heading" w:type="paragraph">
      <w:basedOn w:val="Standard"/>
      <w:name w:val="Heading"/>
      <w:next w:val="Text_20_body"/>
      <w:pPr>
        <w:adjustRightInd w:val="off"/>
        <w:spacing w:before="239.79" w:after="120.255"/>
        <w:ind/>
        <w:widowControl w:val="off"/>
        <w:pBdr/>
        <w:ind/>
      </w:pPr>
      <w:rPr>
        <w:rFonts w:ascii="Arial" w:h-ansi="Arial" w:fareast="Microsoft YaHei" w:cs="Mangal"/>
        <w:sz w:val="28"/>
      </w:rPr>
    </w:style>
    <w:style w:styleId="Text_20_body" w:type="paragraph">
      <w:basedOn w:val="Standard"/>
      <w:name w:val="Text_20_body"/>
      <w:pPr>
        <w:adjustRightInd w:val="off"/>
        <w:spacing w:before="0" w:after="120.255"/>
        <w:ind/>
        <w:widowControl w:val="off"/>
        <w:pBdr/>
        <w:ind/>
      </w:pPr>
    </w:style>
    <w:style w:styleId="List" w:type="paragraph">
      <w:basedOn w:val="Text_20_body"/>
      <w:name w:val="List"/>
      <w:rPr>
        <w:rFonts w:cs="Mangal1"/>
      </w:rPr>
    </w:style>
    <w:style w:styleId="Caption" w:type="paragraph">
      <w:basedOn w:val="Standard"/>
      <w:name w:val="Caption"/>
      <w:pPr>
        <w:adjustRightInd w:val="off"/>
        <w:spacing w:before="120.255" w:after="120.255"/>
        <w:ind/>
        <w:widowControl w:val="off"/>
        <w:supressLineNumbers/>
        <w:pBdr/>
        <w:ind/>
      </w:pPr>
      <w:rPr>
        <w:rFonts w:cs="Mangal1"/>
        <w:sz w:val="24"/>
        <w:i/>
      </w:rPr>
    </w:style>
    <w:style w:styleId="Index" w:type="paragraph">
      <w:basedOn w:val="Standard"/>
      <w:name w:val="Index"/>
      <w:pPr>
        <w:adjustRightInd w:val="off"/>
        <w:spacing/>
        <w:ind/>
        <w:widowControl w:val="off"/>
        <w:supressLineNumbers/>
        <w:pBdr/>
        <w:ind/>
      </w:pPr>
      <w:rPr>
        <w:rFonts w:cs="Mangal1"/>
      </w:rPr>
    </w:style>
    <w:style w:styleId="Table_20_Contents" w:type="paragraph">
      <w:basedOn w:val="Standard"/>
      <w:name w:val="Table_20_Contents"/>
      <w:pPr>
        <w:adjustRightInd w:val="off"/>
        <w:spacing/>
        <w:ind/>
        <w:widowControl w:val="off"/>
        <w:supressLineNumbers/>
        <w:pBdr/>
        <w:ind/>
      </w:pPr>
    </w:style>
    <w:style w:styleId="Table_20_Heading" w:type="paragraph">
      <w:basedOn w:val="Table_20_Contents"/>
      <w:name w:val="Table_20_Heading"/>
      <w:pPr>
        <w:adjustRightInd w:val="off"/>
        <w:jc w:val="center"/>
        <w:spacing/>
        <w:ind/>
        <w:widowControl w:val="off"/>
        <w:supressLineNumbers/>
        <w:pBdr/>
        <w:ind/>
      </w:pPr>
      <w:rPr>
        <w:b/>
      </w:rPr>
    </w:style>
    <w:style w:styleId="Strong_20_Emphasis" w:type="character">
      <w:name w:val="Strong_20_Emphasis"/>
      <w:rPr>
        <w:b/>
      </w:rPr>
    </w:style>
    <w:style w:styleId="Table1" w:type="table">
      <w:name w:val="Table1"/>
      <w:hidden w:val="on"/>
      <w:tblPr>
        <w:tblInd w:w="0" w:type="auto"/>
        <w:jc w:val="left"/>
      </w:tblPr>
    </w:style>
    <w:style w:styleId="Table2" w:type="table">
      <w:name w:val="Table2"/>
      <w:hidden w:val="on"/>
      <w:tblPr>
        <w:tblInd w:w="0" w:type="auto"/>
        <w:jc w:val="left"/>
      </w:tblPr>
    </w:style>
    <w:style w:styleId="P1" w:type="paragraph">
      <w:basedOn w:val="Table_20_Contents"/>
      <w:name w:val="P1"/>
      <w:hidden w:val="on"/>
      <w:rPr>
        <w:sz w:val="4"/>
      </w:rPr>
    </w:style>
    <w:style w:styleId="P2" w:type="paragraph">
      <w:basedOn w:val="Table_20_Contents"/>
      <w:name w:val="P2"/>
      <w:hidden w:val="on"/>
      <w:pPr>
        <w:adjustRightInd w:val="off"/>
        <w:spacing w:before="0" w:after="282.9954"/>
        <w:ind/>
        <w:widowControl w:val="off"/>
        <w:pBdr/>
        <w:ind/>
      </w:pPr>
    </w:style>
    <w:style w:styleId="P3" w:type="paragraph">
      <w:basedOn w:val="Table_20_Contents"/>
      <w:name w:val="P3"/>
      <w:hidden w:val="on"/>
      <w:pPr>
        <w:adjustRightInd w:val="off"/>
        <w:jc w:val="right"/>
        <w:spacing w:before="0" w:after="282.9954"/>
        <w:ind/>
        <w:widowControl w:val="off"/>
        <w:pBdr/>
        <w:ind/>
      </w:pPr>
    </w:style>
    <w:style w:type="character" w:styleId="Hyperlink">
      <w:name w:val="Hyperlink"/>
      <w:rsid w:val="006A55B0"/>
      <w:rPr>
        <w:color w:val="000080"/>
        <w:u w:val="single"/>
      </w:rPr>
    </w:style>
    <w:style w:type="character" w:styleId="FollowedHyperlink">
      <w:name w:val="FollowedHyperlink"/>
      <w:rsid w:val="006A55B0"/>
      <w:rPr>
        <w:color w:val="800000"/>
        <w:u w:val="single"/>
      </w:rPr>
    </w:style>
    <w:style w:type="character" w:styleId="CommentReference">
      <w:name w:val="annotation reference"/>
      <w:basedOn w:val="DefaultParagraphFont"/>
      <w:semiHidden/>
      <w:rsid w:val="007770B7"/>
      <w:rPr>
        <w:sz w:val="16"/>
        <w:sz-cs w:val="16"/>
      </w:rPr>
    </w:style>
    <w:style w:type="paragraph" w:styleId="CommentText">
      <w:name w:val="annotation text"/>
      <w:basedOn w:val="Normal"/>
      <w:semiHidden/>
      <w:rsid w:val="007770B7"/>
      <w:pPr>
        <w:pStyle w:val="CommentText"/>
      </w:pPr>
      <w:rPr>
        <w:sz w:val="20"/>
        <w:sz-cs w:val="20"/>
      </w:rPr>
    </w:style>
    <w:style w:type="paragraph" w:styleId="CommentSubject">
      <w:name w:val="annotation subject"/>
      <w:basedOn w:val="CommentText"/>
      <w:next w:val="CommentText"/>
      <w:semiHidden/>
      <w:rsid w:val="007770B7"/>
      <w:pPr>
        <w:pStyle w:val="CommentSubject"/>
      </w:pPr>
      <w:rPr>
        <w:b/>
        <w:b-cs/>
      </w:rPr>
    </w:style>
  </w:styles>
  <w:docPr>
    <w:displayBackgroundShape/>
    <w:view w:val="print"/>
    <w:zoom w:percent=""/>
    <w:defaultTabStop w:val="709.2887"/>
    <w:docVars/>
  </w:docPr>
  <w:body>
    <w:p>
      <w:pPr>
        <w:pStyle w:val="Standard"/>
      </w:pPr>
      <w:r>
        <w:t>${FINDING_NAME}</w:t>
      </w:r>
      <w:r>
        <w:br w:type="text-wrapping" w:clear="all"/>
      </w:r>
      <w:r>
        <w:rPr>
          <w:rStyle w:val="Strong_20_Emphasis"/>
        </w:rPr>
        <w:t>Dread Score Summary                                                                          STATUS: </w:t>
      </w:r>
      <w:r>
        <w:t>${CRITICAL_STATUS}</w:t>
      </w:r>
    </w:p>
    <w:tbl>
      <w:tblPr>
        <w:tblStyle w:val="Table1"/>
        <w:tblW w:w="9973.2467" w:type="dxa"/>
        <w:tblInd w:w="0" w:type="auto"/>
        <w:jc w:val="left"/>
      </w:tblPr>
      <w:tblGrid>
        <w:gridCol w:w="9973.2467"/>
      </w:tblGrid>
      <w:tr>
        <w:trPr/>
        <w:tc>
          <w:tcPr>
            <w:tcW w:type="dxa" w:w="9973.2467"/>
            <w:tcMar/>
            <w:tcBorders>
              <w:top w:val="none" w:sz="0" w:color="auto"/>
              <w:bottom w:val="none" w:sz="0" w:color="auto"/>
              <w:left w:val="none" w:sz="0" w:color="auto"/>
              <w:right w:val="none" w:sz="0" w:color="auto"/>
            </w:tcBorders>
          </w:tcPr>
          <w:tbl>
            <w:tblPr>
              <w:tblStyle w:val="Table2"/>
              <w:tblW w:w="9917.2237" w:type="dxa"/>
              <w:tblInd w:w="0" w:type="auto"/>
              <w:jc w:val="left"/>
            </w:tblPr>
            <w:tblGrid>
              <w:gridCol w:w="1296.162"/>
              <w:gridCol w:w="1684.1465"/>
              <w:gridCol w:w="1419.1534"/>
              <w:gridCol w:w="654.1298"/>
              <w:gridCol w:w="656.146"/>
              <w:gridCol w:w="1571.2364"/>
              <w:gridCol w:w="1171.1544"/>
              <w:gridCol w:w="1465.2392"/>
            </w:tblGrid>
            <w:tr>
              <w:trPr/>
              <w:tc>
                <w:tcPr>
                  <w:tcW w:type="dxa" w:w="1296.162"/>
                  <w:gridSpan w:val="4"/>
                  <w:tcMar/>
                  <w:tcBorders>
                    <w:top w:val="none" w:sz="0" w:color="auto"/>
                    <w:bottom w:val="none" w:sz="0" w:color="auto"/>
                    <w:left w:val="none" w:sz="0" w:color="auto"/>
                    <w:right w:val="none" w:sz="0" w:color="auto"/>
                  </w:tcBorders>
                </w:tcPr>
                <w:p>
                  <w:pPr>
                    <w:pStyle w:val="Table_20_Contents"/>
                  </w:pPr>
                  <w:r>
                    <w:rPr>
                      <w:rStyle w:val="Strong_20_Emphasis"/>
                    </w:rPr>
                    <w:t>Risk Rating</w:t>
                  </w:r>
                </w:p>
              </w:tc>
              <w:tc>
                <w:tcPr>
                  <w:tcW w:type="dxa" w:w="1684.1465"/>
                  <w:gridSpan w:val="4"/>
                  <w:tcMar/>
                  <w:tcBorders>
                    <w:top w:val="none" w:sz="0" w:color="auto"/>
                    <w:bottom w:val="none" w:sz="0" w:color="auto"/>
                    <w:left w:val="none" w:sz="0" w:color="auto"/>
                    <w:right w:val="none" w:sz="0" w:color="auto"/>
                  </w:tcBorders>
                </w:tcPr>
                <w:p>
                  <w:pPr>
                    <w:pStyle w:val="P3"/>
                  </w:pPr>
                  <w:r>
                    <w:t>${RISK_RATE}</w:t>
                  </w:r>
                </w:p>
              </w:tc>
            </w:tr>
            <w:tr>
              <w:trPr/>
              <w:tc>
                <w:tcPr>
                  <w:tcW w:type="dxa" w:w="1296.162"/>
                  <w:tcMar/>
                  <w:tcBorders>
                    <w:top w:val="none" w:sz="0" w:color="auto"/>
                    <w:bottom w:val="none" w:sz="0" w:color="auto"/>
                    <w:left w:val="none" w:sz="0" w:color="auto"/>
                    <w:right w:val="none" w:sz="0" w:color="auto"/>
                  </w:tcBorders>
                </w:tcPr>
                <w:p>
                  <w:pPr>
                    <w:pStyle w:val="Table_20_Contents"/>
                  </w:pPr>
                  <w:r>
                    <w:t>Damage</w:t>
                  </w:r>
                  <w:r>
                    <w:br w:type="text-wrapping" w:clear="all"/>
                  </w:r>
                  <w:r>
                    <w:t>Potential</w:t>
                  </w:r>
                </w:p>
              </w:tc>
              <w:tc>
                <w:tcPr>
                  <w:tcW w:type="dxa" w:w="1684.1465"/>
                  <w:tcMar/>
                  <w:tcBorders>
                    <w:top w:val="none" w:sz="0" w:color="auto"/>
                    <w:bottom w:val="none" w:sz="0" w:color="auto"/>
                    <w:left w:val="none" w:sz="0" w:color="auto"/>
                    <w:right w:val="none" w:sz="0" w:color="auto"/>
                  </w:tcBorders>
                </w:tcPr>
                <w:p>
                  <w:pPr>
                    <w:pStyle w:val="Table_20_Contents"/>
                  </w:pPr>
                  <w:r>
                    <w:t>Reproducibility</w:t>
                  </w:r>
                </w:p>
              </w:tc>
              <w:tc>
                <w:tcPr>
                  <w:tcW w:type="dxa" w:w="1419.1534"/>
                  <w:tcMar/>
                  <w:tcBorders>
                    <w:top w:val="none" w:sz="0" w:color="auto"/>
                    <w:bottom w:val="none" w:sz="0" w:color="auto"/>
                    <w:left w:val="none" w:sz="0" w:color="auto"/>
                    <w:right w:val="none" w:sz="0" w:color="auto"/>
                  </w:tcBorders>
                </w:tcPr>
                <w:p>
                  <w:pPr>
                    <w:pStyle w:val="Table_20_Contents"/>
                  </w:pPr>
                  <w:r>
                    <w:t>Exploitability</w:t>
                  </w:r>
                </w:p>
              </w:tc>
              <w:tc>
                <w:tcPr>
                  <w:tcW w:type="dxa" w:w="654.1298"/>
                  <w:gridSpan w:val="2"/>
                  <w:tcMar/>
                  <w:tcBorders>
                    <w:top w:val="none" w:sz="0" w:color="auto"/>
                    <w:bottom w:val="none" w:sz="0" w:color="auto"/>
                    <w:left w:val="none" w:sz="0" w:color="auto"/>
                    <w:right w:val="none" w:sz="0" w:color="auto"/>
                  </w:tcBorders>
                </w:tcPr>
                <w:p>
                  <w:pPr>
                    <w:pStyle w:val="Table_20_Contents"/>
                  </w:pPr>
                  <w:r>
                    <w:t>Affected Users</w:t>
                  </w:r>
                </w:p>
              </w:tc>
              <w:tc>
                <w:tcPr>
                  <w:tcW w:type="dxa" w:w="656.146"/>
                  <w:tcMar/>
                  <w:tcBorders>
                    <w:top w:val="none" w:sz="0" w:color="auto"/>
                    <w:bottom w:val="none" w:sz="0" w:color="auto"/>
                    <w:left w:val="none" w:sz="0" w:color="auto"/>
                    <w:right w:val="none" w:sz="0" w:color="auto"/>
                  </w:tcBorders>
                </w:tcPr>
                <w:p>
                  <w:pPr>
                    <w:pStyle w:val="Table_20_Contents"/>
                  </w:pPr>
                  <w:r>
                    <w:t>Discoverability</w:t>
                  </w:r>
                </w:p>
              </w:tc>
              <w:tc>
                <w:tcPr>
                  <w:tcW w:type="dxa" w:w="1571.2364"/>
                  <w:tcMar/>
                  <w:tcBorders>
                    <w:top w:val="none" w:sz="0" w:color="auto"/>
                    <w:bottom w:val="none" w:sz="0" w:color="auto"/>
                    <w:left w:val="none" w:sz="0" w:color="auto"/>
                    <w:right w:val="none" w:sz="0" w:color="auto"/>
                  </w:tcBorders>
                </w:tcPr>
                <w:p>
                  <w:pPr>
                    <w:pStyle w:val="P2"/>
                  </w:pPr>
                  <w:r>
                    <w:t>Total</w:t>
                  </w:r>
                </w:p>
              </w:tc>
              <w:tc>
                <w:tcPr>
                  <w:tcW w:type="dxa" w:w="1171.1544"/>
                  <w:tcMar/>
                  <w:tcBorders>
                    <w:top w:val="none" w:sz="0" w:color="auto"/>
                    <w:bottom w:val="none" w:sz="0" w:color="auto"/>
                    <w:left w:val="none" w:sz="0" w:color="auto"/>
                    <w:right w:val="none" w:sz="0" w:color="auto"/>
                  </w:tcBorders>
                </w:tcPr>
                <w:p>
                  <w:pPr>
                    <w:pStyle w:val="Table_20_Contents"/>
                  </w:pPr>
                  <w:r>
                    <w:t>Remediation</w:t>
                  </w:r>
                  <w:r>
                    <w:br w:type="text-wrapping" w:clear="all"/>
                  </w:r>
                  <w:r>
                    <w:t>Effort</w:t>
                  </w:r>
                </w:p>
              </w:tc>
            </w:tr>
            <w:tr>
              <w:trPr/>
              <w:tc>
                <w:tcPr>
                  <w:tcW w:type="dxa" w:w="1296.162"/>
                  <w:tcMar/>
                  <w:tcBorders>
                    <w:top w:val="none" w:sz="0" w:color="auto"/>
                    <w:bottom w:val="none" w:sz="0" w:color="auto"/>
                    <w:left w:val="none" w:sz="0" w:color="auto"/>
                    <w:right w:val="none" w:sz="0" w:color="auto"/>
                  </w:tcBorders>
                </w:tcPr>
                <w:p>
                  <w:pPr>
                    <w:pStyle w:val="Table_20_Contents"/>
                  </w:pPr>
                  <w:r>
                    <w:t>${CRI_DAM}</w:t>
                  </w:r>
                </w:p>
              </w:tc>
              <w:tc>
                <w:tcPr>
                  <w:tcW w:type="dxa" w:w="1684.1465"/>
                  <w:tcMar/>
                  <w:tcBorders>
                    <w:top w:val="none" w:sz="0" w:color="auto"/>
                    <w:bottom w:val="none" w:sz="0" w:color="auto"/>
                    <w:left w:val="none" w:sz="0" w:color="auto"/>
                    <w:right w:val="none" w:sz="0" w:color="auto"/>
                  </w:tcBorders>
                </w:tcPr>
                <w:p>
                  <w:pPr>
                    <w:pStyle w:val="Table_20_Contents"/>
                  </w:pPr>
                  <w:r>
                    <w:t>${CRI_REPRO}</w:t>
                  </w:r>
                </w:p>
              </w:tc>
              <w:tc>
                <w:tcPr>
                  <w:tcW w:type="dxa" w:w="1419.1534"/>
                  <w:tcMar/>
                  <w:tcBorders>
                    <w:top w:val="none" w:sz="0" w:color="auto"/>
                    <w:bottom w:val="none" w:sz="0" w:color="auto"/>
                    <w:left w:val="none" w:sz="0" w:color="auto"/>
                    <w:right w:val="none" w:sz="0" w:color="auto"/>
                  </w:tcBorders>
                </w:tcPr>
                <w:p>
                  <w:pPr>
                    <w:pStyle w:val="Table_20_Contents"/>
                  </w:pPr>
                  <w:r>
                    <w:t>${CRI_EXP}</w:t>
                  </w:r>
                </w:p>
              </w:tc>
              <w:tc>
                <w:tcPr>
                  <w:tcW w:type="dxa" w:w="654.1298"/>
                  <w:gridSpan w:val="2"/>
                  <w:tcMar/>
                  <w:tcBorders>
                    <w:top w:val="none" w:sz="0" w:color="auto"/>
                    <w:bottom w:val="none" w:sz="0" w:color="auto"/>
                    <w:left w:val="none" w:sz="0" w:color="auto"/>
                    <w:right w:val="none" w:sz="0" w:color="auto"/>
                  </w:tcBorders>
                </w:tcPr>
                <w:p>
                  <w:pPr>
                    <w:pStyle w:val="Table_20_Contents"/>
                  </w:pPr>
                  <w:r>
                    <w:t>${CRI_AFEC}</w:t>
                  </w:r>
                </w:p>
              </w:tc>
              <w:tc>
                <w:tcPr>
                  <w:tcW w:type="dxa" w:w="656.146"/>
                  <w:tcMar/>
                  <w:tcBorders>
                    <w:top w:val="none" w:sz="0" w:color="auto"/>
                    <w:bottom w:val="none" w:sz="0" w:color="auto"/>
                    <w:left w:val="none" w:sz="0" w:color="auto"/>
                    <w:right w:val="none" w:sz="0" w:color="auto"/>
                  </w:tcBorders>
                </w:tcPr>
                <w:p>
                  <w:pPr>
                    <w:pStyle w:val="Table_20_Contents"/>
                  </w:pPr>
                  <w:r>
                    <w:t>${CRI_DIS}</w:t>
                  </w:r>
                </w:p>
              </w:tc>
              <w:tc>
                <w:tcPr>
                  <w:tcW w:type="dxa" w:w="1571.2364"/>
                  <w:tcMar/>
                  <w:tcBorders>
                    <w:top w:val="none" w:sz="0" w:color="auto"/>
                    <w:bottom w:val="none" w:sz="0" w:color="auto"/>
                    <w:left w:val="none" w:sz="0" w:color="auto"/>
                    <w:right w:val="none" w:sz="0" w:color="auto"/>
                  </w:tcBorders>
                </w:tcPr>
                <w:p>
                  <w:pPr>
                    <w:pStyle w:val="Table_20_Contents"/>
                  </w:pPr>
                  <w:r>
                    <w:t>${CRI_TTL}</w:t>
                  </w:r>
                </w:p>
              </w:tc>
              <w:tc>
                <w:tcPr>
                  <w:tcW w:type="dxa" w:w="1171.1544"/>
                  <w:tcMar/>
                  <w:tcBorders>
                    <w:top w:val="none" w:sz="0" w:color="auto"/>
                    <w:bottom w:val="none" w:sz="0" w:color="auto"/>
                    <w:left w:val="none" w:sz="0" w:color="auto"/>
                    <w:right w:val="none" w:sz="0" w:color="auto"/>
                  </w:tcBorders>
                </w:tcPr>
                <w:p>
                  <w:pPr>
                    <w:pStyle w:val="Table_20_Contents"/>
                  </w:pPr>
                  <w:r>
                    <w:t>${CRI_REM}</w:t>
                  </w:r>
                </w:p>
              </w:tc>
            </w:tr>
          </w:tbl>
          <w:p/>
          <w:p>
            <w:pPr>
              <w:pStyle w:val="P1"/>
            </w:pPr>
          </w:p>
        </w:tc>
      </w:tr>
    </w:tbl>
    <w:p>
      <w:pPr>
        <w:pStyle w:val="Text_20_body"/>
      </w:pPr>
      <w:r>
        <w:rPr>
          <w:rStyle w:val="Strong_20_Emphasis"/>
        </w:rPr>
        <w:t>Summary of Finding</w:t>
      </w:r>
      <w:r>
        <w:br w:type="text-wrapping" w:clear="all"/>
      </w:r>
      <w:r>
        <w:t>${CRITICAL_SUMMARY}</w:t>
      </w:r>
      <w:r>
        <w:br w:type="text-wrapping" w:clear="all"/>
      </w:r>
      <w:r>
        <w:rPr>
          <w:rStyle w:val="Strong_20_Emphasis"/>
        </w:rPr>
        <w:t>Proof of Concept</w:t>
      </w:r>
      <w:r>
        <w:br w:type="text-wrapping" w:clear="all"/>
      </w:r>
      <w:r>
        <w:t>{CRITICAL_PROOF}</w:t>
      </w:r>
      <w:r>
        <w:br w:type="text-wrapping" w:clear="all"/>
      </w:r>
      <w:r>
        <w:rPr>
          <w:rStyle w:val="Strong_20_Emphasis"/>
        </w:rPr>
        <w:t>Recommendations</w:t>
      </w:r>
      <w:r>
        <w:br w:type="text-wrapping" w:clear="all"/>
      </w:r>
      <w:r>
        <w:t>${CRITICAL_RECOMMENDATIONS} </w:t>
      </w:r>
    </w:p>
    <w:sectPr>
      <w:type w:val="next-page"/>
      <w:pgSz w:w="12241.5302" w:h="15841.9803" w:orient="portrait"/>
      <w:pgMar w:top="1133.9978" w:bottom="1133.9978" w:left="1133.9978" w:gutter="0" w:right="1133.9978"/>
      <w:pgBorders w:offset-from="text"/>
    </w:sectPr>
  </w:body>
</w:wordDocument>
